email_address,first_name,last_name,course_id,grade,marks
student0001@mycsu.edu,Amelia,Thompson,DATA200,D,64
student0002@mycsu.edu,Benjamin,Lee,DATA206,B,85
student0003@mycsu.edu,Isabella,Perez,DATA204,D,64
student0004@mycsu.edu,James,Taylor,DATA205,F,50
student0005@mycsu.edu,William,Miller,DATA205,D,67
student0006@mycsu.edu,Oliver,Thomas,DATA201,F,56
student0007@mycsu.edu,Emma,Thompson,DATA204,C,72
student0008@mycsu.edu,Isabella,Lee,DATA201,F,52
student0009@mycsu.edu,Oliver,Lee,DATA204,C,74
student0010@mycsu.edu,Abigail,Anderson,DATA209,A,90
student0011@mycsu.edu,Oliver,Johnson,DATA203,D,62
student0012@mycsu.edu,Alexander,Williams,DATA203,A,99
student0013@mycsu.edu,Ava,Martinez,DATA207,F,56
student0014@mycsu.edu,Emma,Garcia,DATA205,A,90
student0015@mycsu.edu,Benjamin,Martinez,DATA201,C,72
student0016@mycsu.edu,James,Lee,DATA203,B,88
student0017@mycsu.edu,Isabella,Thomas,DATA204,D,60
student0018@mycsu.edu,Harper,Davis,DATA205,A,90
student0019@mycsu.edu,Noah,Davis,DATA200,A,99
student0020@mycsu.edu,Ava,Martinez,DATA201,C,70
student0021@mycsu.edu,Evelyn,Wilson,DATA203,D,63
student0022@mycsu.edu,Charlotte,Thomas,DATA207,A,91
student0023@mycsu.edu,Henry,Jones,DATA203,F,59
student0024@mycsu.edu,Harper,Lee,DATA204,A,97
student0025@mycsu.edu,Evelyn,Taylor,DATA209,A,97
student0026@mycsu.edu,Emma,Davis,DATA202,C,75
student0027@mycsu.edu,Charlotte,Williams,DATA200,B,82
student0028@mycsu.edu,William,Garcia,DATA206,F,57
student0029@mycsu.edu,Oliver,Thomas,DATA206,B,88
student0030@mycsu.edu,Isabella,Martin,DATA204,B,88
student0031@mycsu.edu,Liam,Brown,DATA208,B,85
student0032@mycsu.edu,Henry,Wilson,DATA201,A,98
student0033@mycsu.edu,Sophia,Garcia,DATA207,D,68
student0034@mycsu.edu,Henry,Martin,DATA202,F,50
student0035@mycsu.edu,Elijah,Lopez,DATA208,B,82
student0036@mycsu.edu,Benjamin,Jones,DATA205,B,88
student0037@mycsu.edu,James,Lee,DATA208,A,98
student0038@mycsu.edu,Abigail,Wilson,DATA207,F,50
student0039@mycsu.edu,Elijah,Anderson,DATA204,F,51
student0040@mycsu.edu,Noah,Davis,DATA209,D,65
student0041@mycsu.edu,Oliver,Jackson,DATA201,F,55
student0042@mycsu.edu,Harper,Jones,DATA202,A,98
student0043@mycsu.edu,Charlotte,Lee,DATA202,A,92
student0044@mycsu.edu,Amelia,Thompson,DATA206,D,66
student0045@mycsu.edu,Harper,Miller,DATA204,D,63
student0046@mycsu.edu,Emma,Moore,DATA208,C,75
student0047@mycsu.edu,Elijah,Davis,DATA203,C,78
student0048@mycsu.edu,Mia,Smith,DATA209,F,54
student0049@mycsu.edu,Lucas,Perez,DATA203,B,85
student0050@mycsu.edu,Oliver,Johnson,DATA203,F,50
student0051@mycsu.edu,Noah,Wilson,DATA201,F,54
student0052@mycsu.edu,Lucas,Martinez,DATA207,B,82
student0053@mycsu.edu,Harper,Jones,DATA209,D,63
student0054@mycsu.edu,Charlotte,Davis,DATA207,B,86
student0055@mycsu.edu,Benjamin,Brown,DATA201,C,76
student0056@mycsu.edu,Sophia,Anderson,DATA206,A,92
student0057@mycsu.edu,Isabella,Johnson,DATA201,C,76
student0058@mycsu.edu,Ava,Wilson,DATA201,F,53
student0059@mycsu.edu,Benjamin,Miller,DATA208,D,65
student0060@mycsu.edu,William,Taylor,DATA202,C,78
student0061@mycsu.edu,Isabella,Davis,DATA201,D,67
student0062@mycsu.edu,Harper,Brown,DATA200,C,78
student0063@mycsu.edu,Harper,Smith,DATA201,A,91
student0064@mycsu.edu,Lucas,Garcia,DATA206,A,98
student0065@mycsu.edu,Charlotte,Miller,DATA206,B,81
student0066@mycsu.edu,James,Thomas,DATA200,F,53
student0067@mycsu.edu,Henry,Moore,DATA204,C,74
student0068@mycsu.edu,Harper,Jackson,DATA202,C,77
student0069@mycsu.edu,Alexander,Miller,DATA200,D,62
student0070@mycsu.edu,Harper,Johnson,DATA205,B,87
student0071@mycsu.edu,Noah,Perez,DATA207,F,53
student0072@mycsu.edu,Amelia,Garcia,DATA200,B,82
student0073@mycsu.edu,Oliver,Garcia,DATA201,B,82
student0074@mycsu.edu,Oliver,Davis,DATA206,B,88
student0075@mycsu.edu,Evelyn,Davis,DATA209,F,57
student0076@mycsu.edu,Noah,Thompson,DATA201,B,88
student0077@mycsu.edu,Evelyn,Perez,DATA208,C,76
student0078@mycsu.edu,Henry,Miller,DATA205,C,70
student0079@mycsu.edu,Henry,Thomas,DATA202,D,65
student0080@mycsu.edu,Alexander,Moore,DATA205,A,92
student0081@mycsu.edu,Oliver,Smith,DATA207,A,98
student0082@mycsu.edu,Evelyn,Brown,DATA201,B,89
student0083@mycsu.edu,Benjamin,Martin,DATA204,B,84
student0084@mycsu.edu,Emma,Williams,DATA203,F,58
student0085@mycsu.edu,Alexander,Garcia,DATA207,C,73
student0086@mycsu.edu,Alexander,Thompson,DATA208,B,84
student0087@mycsu.edu,Harper,Lopez,DATA201,F,50
student0088@mycsu.edu,Henry,Brown,DATA201,F,58
student0089@mycsu.edu,Harper,Jones,DATA204,A,97
student0090@mycsu.edu,Abigail,Miller,DATA205,D,68
student0091@mycsu.edu,Henry,Martin,DATA207,D,63
student0092@mycsu.edu,Noah,Williams,DATA206,D,66
student0093@mycsu.edu,Noah,Smith,DATA205,D,67
student0094@mycsu.edu,William,Martinez,DATA202,A,99
student0095@mycsu.edu,Isabella,Lee,DATA206,A,97
student0096@mycsu.edu,Liam,Brown,DATA201,B,85
student0097@mycsu.edu,William,Lee,DATA200,A,94
student0098@mycsu.edu,Evelyn,Lee,DATA202,C,73
student0099@mycsu.edu,William,Johnson,DATA204,C,77
student0100@mycsu.edu,Noah,Anderson,DATA203,C,73
student0101@mycsu.edu,Lucas,Brown,DATA205,A,93
student0102@mycsu.edu,Harper,Taylor,DATA209,A,99
student0103@mycsu.edu,William,Davis,DATA202,A,97
student0104@mycsu.edu,Sophia,Smith,DATA202,D,61
student0105@mycsu.edu,Mia,Taylor,DATA203,A,97
student0106@mycsu.edu,James,Brown,DATA206,D,67
student0107@mycsu.edu,Charlotte,Davis,DATA203,F,52
student0108@mycsu.edu,Emma,Lopez,DATA203,C,79
student0109@mycsu.edu,Liam,Miller,DATA206,D,64
student0110@mycsu.edu,Henry,Williams,DATA204,C,71
student0111@mycsu.edu,Amelia,Thomas,DATA208,C,72
student0112@mycsu.edu,Liam,Brown,DATA204,C,71
student0113@mycsu.edu,Evelyn,Martinez,DATA200,D,61
student0114@mycsu.edu,Abigail,Taylor,DATA205,F,56
student0115@mycsu.edu,Mia,Taylor,DATA209,A,96
student0116@mycsu.edu,Elijah,Thomas,DATA209,B,82
student0117@mycsu.edu,Henry,Johnson,DATA206,D,62
student0118@mycsu.edu,Amelia,Lee,DATA203,F,50
student0119@mycsu.edu,Sophia,Williams,DATA205,C,73
student0120@mycsu.edu,Mia,Brown,DATA204,B,89
student0121@mycsu.edu,Alexander,Taylor,DATA205,B,82
student0122@mycsu.edu,Alexander,Lee,DATA202,C,75
student0123@mycsu.edu,Sophia,Thomas,DATA202,D,62
student0124@mycsu.edu,Evelyn,Lopez,DATA206,B,89
student0125@mycsu.edu,Liam,Lopez,DATA204,B,85
student0126@mycsu.edu,Sophia,Perez,DATA209,D,63
student0127@mycsu.edu,Mia,Moore,DATA207,A,91
student0128@mycsu.edu,Benjamin,Martin,DATA207,C,78
student0129@mycsu.edu,James,Williams,DATA204,A,100
student0130@mycsu.edu,Abigail,Wilson,DATA201,B,82
student0131@mycsu.edu,Lucas,Lopez,DATA203,A,98
student0132@mycsu.edu,William,Smith,DATA200,D,62
student0133@mycsu.edu,Charlotte,Thompson,DATA201,D,65
student0134@mycsu.edu,Sophia,Perez,DATA203,C,79
student0135@mycsu.edu,Ava,Jackson,DATA206,A,95
student0136@mycsu.edu,William,Smith,DATA201,D,65
student0137@mycsu.edu,Sophia,Davis,DATA202,A,99
student0138@mycsu.edu,Amelia,Moore,DATA200,A,94
student0139@mycsu.edu,Lucas,Brown,DATA207,B,85
student0140@mycsu.edu,Isabella,Martin,DATA208,F,58
student0141@mycsu.edu,Mia,Moore,DATA209,B,88
student0142@mycsu.edu,Amelia,Taylor,DATA208,A,96
student0143@mycsu.edu,James,Jackson,DATA207,C,78
student0144@mycsu.edu,Lucas,Martinez,DATA208,D,66
student0145@mycsu.edu,Lucas,Martinez,DATA207,B,81
student0146@mycsu.edu,Alexander,Davis,DATA204,F,54
student0147@mycsu.edu,Mia,Lee,DATA201,C,71
student0148@mycsu.edu,William,Davis,DATA206,F,58
student0149@mycsu.edu,William,Miller,DATA201,A,94
student0150@mycsu.edu,Sophia,Wilson,DATA208,C,76
student0151@mycsu.edu,Sophia,Johnson,DATA203,C,79
student0152@mycsu.edu,Ava,Perez,DATA200,C,76
student0153@mycsu.edu,Evelyn,Thomas,DATA207,A,98
student0154@mycsu.edu,Emma,Lopez,DATA206,F,50
student0155@mycsu.edu,Harper,Lee,DATA209,C,76
student0156@mycsu.edu,Charlotte,Davis,DATA204,D,64
student0157@mycsu.edu,Charlotte,Smith,DATA206,C,77
student0158@mycsu.edu,Ava,Garcia,DATA207,C,71
student0159@mycsu.edu,Abigail,Lee,DATA200,F,58
student0160@mycsu.edu,Evelyn,Perez,DATA200,C,75
student0161@mycsu.edu,Sophia,Jones,DATA207,F,55
student0162@mycsu.edu,Noah,Martinez,DATA206,D,61
student0163@mycsu.edu,Benjamin,Moore,DATA205,C,70
student0164@mycsu.edu,Ava,Martinez,DATA206,C,71
student0165@mycsu.edu,Oliver,Jackson,DATA200,D,66
student0166@mycsu.edu,Harper,Johnson,DATA205,A,97
student0167@mycsu.edu,Oliver,Johnson,DATA200,D,64
student0168@mycsu.edu,Benjamin,Smith,DATA209,D,65
student0169@mycsu.edu,Lucas,Jones,DATA207,F,59
student0170@mycsu.edu,Elijah,Perez,DATA203,A,92
student0171@mycsu.edu,Henry,Anderson,DATA202,C,79
student0172@mycsu.edu,Abigail,Brown,DATA202,B,88
student0173@mycsu.edu,Elijah,Perez,DATA200,D,69
student0174@mycsu.edu,Evelyn,Thomas,DATA206,D,69
student0175@mycsu.edu,Benjamin,Williams,DATA209,A,95
student0176@mycsu.edu,Lucas,Brown,DATA204,A,94
student0177@mycsu.edu,Abigail,Brown,DATA209,A,93
student0178@mycsu.edu,Noah,Anderson,DATA208,A,100
student0179@mycsu.edu,Emma,Williams,DATA208,C,77
student0180@mycsu.edu,Mia,Smith,DATA206,A,91
student0181@mycsu.edu,Elijah,Taylor,DATA205,B,81
student0182@mycsu.edu,Isabella,Jones,DATA206,A,90
student0183@mycsu.edu,Amelia,Martinez,DATA209,D,61
student0184@mycsu.edu,Charlotte,Moore,DATA206,B,84
student0185@mycsu.edu,Evelyn,Martinez,DATA205,A,96
student0186@mycsu.edu,Oliver,Martinez,DATA207,D,65
student0187@mycsu.edu,Isabella,Perez,DATA209,D,65
student0188@mycsu.edu,Ava,Wilson,DATA200,A,92
student0189@mycsu.edu,Mia,Garcia,DATA207,B,81
student0190@mycsu.edu,Emma,Martinez,DATA205,D,63
student0191@mycsu.edu,Abigail,Martinez,DATA208,D,67
student0192@mycsu.edu,Amelia,Miller,DATA201,F,50
student0193@mycsu.edu,Sophia,Jackson,DATA208,D,65
student0194@mycsu.edu,Lucas,Jackson,DATA207,A,98
student0195@mycsu.edu,Liam,Williams,DATA204,C,78
student0196@mycsu.edu,Ava,Davis,DATA204,D,64
student0197@mycsu.edu,Evelyn,Anderson,DATA207,A,92
student0198@mycsu.edu,Amelia,Anderson,DATA206,B,85
student0199@mycsu.edu,Harper,Wilson,DATA205,A,97
student0200@mycsu.edu,Isabella,Martinez,DATA204,A,94
student0201@mycsu.edu,Lucas,Brown,DATA203,D,66
student0202@mycsu.edu,Elijah,Lee,DATA202,C,70
student0203@mycsu.edu,Benjamin,Jackson,DATA204,D,62
student0204@mycsu.edu,Evelyn,Martin,DATA209,A,96
student0205@mycsu.edu,Elijah,Miller,DATA204,D,68
student0206@mycsu.edu,Emma,Garcia,DATA204,D,64
student0207@mycsu.edu,Harper,Jones,DATA204,F,50
student0208@mycsu.edu,Noah,Lee,DATA204,F,52
student0209@mycsu.edu,William,Jackson,DATA201,A,94
student0210@mycsu.edu,Evelyn,Lopez,DATA207,F,50
student0211@mycsu.edu,Isabella,Wilson,DATA202,B,80
student0212@mycsu.edu,Henry,Jackson,DATA201,F,53
student0213@mycsu.edu,Ava,Jackson,DATA201,F,54
student0214@mycsu.edu,Noah,Jones,DATA202,B,86
student0215@mycsu.edu,Alexander,Williams,DATA203,B,86
student0216@mycsu.edu,Harper,Taylor,DATA209,F,57
student0217@mycsu.edu,Abigail,Davis,DATA208,B,88
student0218@mycsu.edu,Isabella,Moore,DATA204,C,74
student0219@mycsu.edu,Sophia,Lopez,DATA209,B,87
student0220@mycsu.edu,Noah,Thompson,DATA201,B,89
student0221@mycsu.edu,Benjamin,Miller,DATA204,A,98
student0222@mycsu.edu,Oliver,Garcia,DATA203,A,92
student0223@mycsu.edu,Harper,Williams,DATA202,D,61
student0224@mycsu.edu,Sophia,Moore,DATA209,F,50
student0225@mycsu.edu,Alexander,Johnson,DATA203,B,80
student0226@mycsu.edu,Alexander,Moore,DATA201,D,68
student0227@mycsu.edu,Lucas,Martinez,DATA209,A,93
student0228@mycsu.edu,Benjamin,Taylor,DATA201,A,92
student0229@mycsu.edu,Lucas,Jones,DATA204,B,84
student0230@mycsu.edu,Oliver,Johnson,DATA202,F,59
student0231@mycsu.edu,Alexander,Thompson,DATA209,A,100
student0232@mycsu.edu,Isabella,Brown,DATA207,D,68
student0233@mycsu.edu,Alexander,Thomas,DATA204,A,94
student0234@mycsu.edu,Harper,Jackson,DATA207,B,82
student0235@mycsu.edu,Abigail,Johnson,DATA206,F,55
student0236@mycsu.edu,Mia,Thompson,DATA204,A,97
student0237@mycsu.edu,Oliver,Davis,DATA209,F,51
student0238@mycsu.edu,Liam,Martinez,DATA209,B,87
student0239@mycsu.edu,James,Jackson,DATA208,F,52
student0240@mycsu.edu,Isabella,Martinez,DATA202,A,91
student0241@mycsu.edu,Sophia,Jackson,DATA201,B,87
student0242@mycsu.edu,Emma,Taylor,DATA205,B,80
student0243@mycsu.edu,Elijah,Garcia,DATA205,C,70
student0244@mycsu.edu,Charlotte,Lopez,DATA206,C,76
student0245@mycsu.edu,Harper,Johnson,DATA207,A,98
student0246@mycsu.edu,Mia,Martinez,DATA205,F,55
student0247@mycsu.edu,Ava,Martin,DATA200,F,57
student0248@mycsu.edu,Harper,Moore,DATA206,A,92
student0249@mycsu.edu,Benjamin,Martin,DATA205,F,53
student0250@mycsu.edu,Charlotte,Moore,DATA200,B,89
student0251@mycsu.edu,Henry,Lee,DATA202,D,63
student0252@mycsu.edu,Isabella,Jackson,DATA201,D,68
student0253@mycsu.edu,Abigail,Davis,DATA202,F,51
student0254@mycsu.edu,Harper,Smith,DATA208,D,69
student0255@mycsu.edu,Oliver,Davis,DATA201,C,76
student0256@mycsu.edu,Elijah,Jones,DATA207,C,79
student0257@mycsu.edu,Alexander,Martin,DATA204,A,95
student0258@mycsu.edu,Charlotte,Jackson,DATA203,C,76
student0259@mycsu.edu,Harper,Jones,DATA206,C,79
student0260@mycsu.edu,Abigail,Martin,DATA202,D,62
student0261@mycsu.edu,Henry,Taylor,DATA205,F,54
student0262@mycsu.edu,Amelia,Martinez,DATA200,A,100
student0263@mycsu.edu,Alexander,Perez,DATA209,D,68
student0264@mycsu.edu,Charlotte,Jones,DATA207,A,92
student0265@mycsu.edu,Charlotte,Anderson,DATA205,B,84
student0266@mycsu.edu,Harper,Thomas,DATA207,B,85
student0267@mycsu.edu,Benjamin,Davis,DATA209,C,70
student0268@mycsu.edu,Lucas,Taylor,DATA200,C,74
student0269@mycsu.edu,Charlotte,Thomas,DATA206,C,70
student0270@mycsu.edu,William,Jackson,DATA200,A,92
student0271@mycsu.edu,Amelia,Perez,DATA205,F,58
student0272@mycsu.edu,Isabella,Brown,DATA208,F,56
student0273@mycsu.edu,Liam,Jones,DATA206,C,79
student0274@mycsu.edu,William,Williams,DATA207,A,91
student0275@mycsu.edu,Henry,Wilson,DATA209,A,100
student0276@mycsu.edu,Ava,Williams,DATA205,A,94
student0277@mycsu.edu,Harper,Thomas,DATA205,A,93
student0278@mycsu.edu,Charlotte,Lee,DATA200,A,90
student0279@mycsu.edu,Oliver,Davis,DATA204,B,89
student0280@mycsu.edu,Oliver,Taylor,DATA201,D,64
student0281@mycsu.edu,Elijah,Moore,DATA202,A,98
student0282@mycsu.edu,Alexander,Smith,DATA200,A,94
student0283@mycsu.edu,Noah,Lopez,DATA205,C,70
student0284@mycsu.edu,Sophia,Jones,DATA203,C,73
student0285@mycsu.edu,Sophia,Perez,DATA202,B,83
student0286@mycsu.edu,James,Williams,DATA209,D,60
student0287@mycsu.edu,Abigail,Davis,DATA207,C,74
student0288@mycsu.edu,William,Davis,DATA207,B,87
student0289@mycsu.edu,Henry,Moore,DATA204,A,90
student0290@mycsu.edu,Liam,Moore,DATA204,A,92
student0291@mycsu.edu,Harper,Garcia,DATA201,A,93
student0292@mycsu.edu,Emma,Perez,DATA204,C,78
student0293@mycsu.edu,Sophia,Martinez,DATA207,A,90
student0294@mycsu.edu,Benjamin,Thomas,DATA207,D,69
student0295@mycsu.edu,Lucas,Thomas,DATA209,F,56
student0296@mycsu.edu,Evelyn,Lopez,DATA204,C,72
student0297@mycsu.edu,Ava,Martinez,DATA200,F,51
student0298@mycsu.edu,Noah,Thompson,DATA207,B,86
student0299@mycsu.edu,Lucas,Thompson,DATA205,D,68
student0300@mycsu.edu,Benjamin,Thompson,DATA204,D,64
student0301@mycsu.edu,William,Brown,DATA200,A,93
student0302@mycsu.edu,Isabella,Johnson,DATA209,D,69
student0303@mycsu.edu,William,Williams,DATA204,C,73
student0304@mycsu.edu,Sophia,Garcia,DATA203,C,70
student0305@mycsu.edu,Harper,Anderson,DATA208,F,58
student0306@mycsu.edu,Henry,Garcia,DATA204,B,82
student0307@mycsu.edu,Alexander,Wilson,DATA201,B,80
student0308@mycsu.edu,Oliver,Jones,DATA203,C,79
student0309@mycsu.edu,Ava,Lee,DATA205,A,93
student0310@mycsu.edu,Ava,Smith,DATA204,F,55
student0311@mycsu.edu,Elijah,Moore,DATA205,B,84
student0312@mycsu.edu,Henry,Perez,DATA206,A,93
student0313@mycsu.edu,Emma,Brown,DATA203,A,90
student0314@mycsu.edu,Liam,Thompson,DATA208,B,80
student0315@mycsu.edu,Abigail,Davis,DATA201,C,70
student0316@mycsu.edu,Isabella,Lopez,DATA206,A,90
student0317@mycsu.edu,William,Johnson,DATA200,F,57
student0318@mycsu.edu,Charlotte,Brown,DATA201,D,69
student0319@mycsu.edu,Harper,Jones,DATA206,D,65
student0320@mycsu.edu,Emma,Lee,DATA206,C,79
student0321@mycsu.edu,William,Taylor,DATA201,B,87
student0322@mycsu.edu,Abigail,Taylor,DATA204,B,81
student0323@mycsu.edu,Emma,Miller,DATA207,F,52
student0324@mycsu.edu,Lucas,Anderson,DATA201,C,78
student0325@mycsu.edu,Emma,Lee,DATA205,A,93
student0326@mycsu.edu,Ava,Martinez,DATA203,F,53
student0327@mycsu.edu,Isabella,Williams,DATA203,F,57
student0328@mycsu.edu,Abigail,Smith,DATA200,A,91
student0329@mycsu.edu,Mia,Davis,DATA202,A,100
student0330@mycsu.edu,Evelyn,Miller,DATA201,A,100
student0331@mycsu.edu,Harper,Miller,DATA209,A,98
student0332@mycsu.edu,Lucas,Wilson,DATA202,D,63
student0333@mycsu.edu,Abigail,Smith,DATA204,A,100
student0334@mycsu.edu,William,Lee,DATA204,F,59
student0335@mycsu.edu,Elijah,Smith,DATA202,D,61
student0336@mycsu.edu,Emma,Davis,DATA209,F,50
student0337@mycsu.edu,Liam,Garcia,DATA204,C,70
student0338@mycsu.edu,William,Taylor,DATA208,F,53
student0339@mycsu.edu,Oliver,Jackson,DATA207,F,57
student0340@mycsu.edu,Emma,Martin,DATA209,A,99
student0341@mycsu.edu,Isabella,Martin,DATA203,F,56
student0342@mycsu.edu,Noah,Martin,DATA204,B,89
student0343@mycsu.edu,Liam,Johnson,DATA207,C,79
student0344@mycsu.edu,Sophia,Brown,DATA207,C,75
student0345@mycsu.edu,Isabella,Williams,DATA201,A,95
student0346@mycsu.edu,Abigail,Jones,DATA201,C,70
student0347@mycsu.edu,Henry,Thompson,DATA209,F,58
student0348@mycsu.edu,Mia,Thomas,DATA209,B,85
student0349@mycsu.edu,Alexander,Moore,DATA208,B,83
student0350@mycsu.edu,Sophia,Brown,DATA201,B,88
student0351@mycsu.edu,Harper,Miller,DATA206,A,91
student0352@mycsu.edu,Lucas,Taylor,DATA205,C,78
student0353@mycsu.edu,Ava,Taylor,DATA201,C,79
student0354@mycsu.edu,Sophia,Wilson,DATA204,C,70
student0355@mycsu.edu,William,Jackson,DATA201,C,73
student0356@mycsu.edu,Oliver,Williams,DATA206,F,55
student0357@mycsu.edu,Emma,Jones,DATA208,F,56
student0358@mycsu.edu,Evelyn,Lee,DATA208,F,53
student0359@mycsu.edu,Elijah,Taylor,DATA205,C,71
student0360@mycsu.edu,Sophia,Johnson,DATA204,A,92
student0361@mycsu.edu,Alexander,Anderson,DATA201,B,88
student0362@mycsu.edu,Amelia,Miller,DATA202,B,86
student0363@mycsu.edu,Charlotte,Davis,DATA201,A,92
student0364@mycsu.edu,Harper,Anderson,DATA201,C,72
student0365@mycsu.edu,Henry,Perez,DATA203,A,98
student0366@mycsu.edu,Harper,Thompson,DATA209,C,77
student0367@mycsu.edu,Harper,Smith,DATA209,A,93
student0368@mycsu.edu,Henry,Smith,DATA202,A,92
student0369@mycsu.edu,Alexander,Wilson,DATA205,D,67
student0370@mycsu.edu,James,Jones,DATA209,F,50
student0371@mycsu.edu,Ava,Williams,DATA202,A,92
student0372@mycsu.edu,Liam,Williams,DATA208,A,97
student0373@mycsu.edu,Ava,Taylor,DATA207,D,63
student0374@mycsu.edu,James,Anderson,DATA204,C,71
student0375@mycsu.edu,Mia,Perez,DATA209,A,96
student0376@mycsu.edu,Noah,Jones,DATA202,F,55
student0377@mycsu.edu,Abigail,Johnson,DATA201,A,98
student0378@mycsu.edu,Isabella,Taylor,DATA207,D,67
student0379@mycsu.edu,Isabella,Taylor,DATA204,B,88
student0380@mycsu.edu,Amelia,Brown,DATA205,D,63
student0381@mycsu.edu,Elijah,Lopez,DATA209,C,77
student0382@mycsu.edu,Amelia,Lopez,DATA200,B,81
student0383@mycsu.edu,Ava,Thompson,DATA200,D,64
student0384@mycsu.edu,Benjamin,Lopez,DATA203,F,50
student0385@mycsu.edu,William,Martinez,DATA204,A,99
student0386@mycsu.edu,Elijah,Smith,DATA207,C,70
student0387@mycsu.edu,Sophia,Garcia,DATA202,A,97
student0388@mycsu.edu,Harper,Davis,DATA208,C,74
student0389@mycsu.edu,Emma,Williams,DATA206,B,85
student0390@mycsu.edu,Noah,Taylor,DATA200,A,97
student0391@mycsu.edu,Oliver,Wilson,DATA209,C,79
student0392@mycsu.edu,Evelyn,Thomas,DATA206,C,77
student0393@mycsu.edu,Elijah,Thomas,DATA200,D,68
student0394@mycsu.edu,James,Thompson,DATA207,C,70
student0395@mycsu.edu,Emma,Williams,DATA206,A,94
student0396@mycsu.edu,Lucas,Taylor,DATA209,F,56
student0397@mycsu.edu,Amelia,Williams,DATA206,C,75
student0398@mycsu.edu,Mia,Davis,DATA205,D,69
student0399@mycsu.edu,James,Williams,DATA208,A,99
student0400@mycsu.edu,Elijah,Martin,DATA208,A,90
student0401@mycsu.edu,Emma,Anderson,DATA202,D,62
student0402@mycsu.edu,Elijah,Jones,DATA204,D,65
student0403@mycsu.edu,James,Thompson,DATA202,D,62
student0404@mycsu.edu,Oliver,Garcia,DATA207,A,98
student0405@mycsu.edu,Evelyn,Perez,DATA207,C,79
student0406@mycsu.edu,Evelyn,Thompson,DATA205,A,93
student0407@mycsu.edu,Mia,Jones,DATA207,A,90
student0408@mycsu.edu,Charlotte,Moore,DATA204,F,54
student0409@mycsu.edu,Henry,Perez,DATA200,A,100
student0410@mycsu.edu,Amelia,Williams,DATA204,C,72
student0411@mycsu.edu,Isabella,Johnson,DATA200,C,79
student0412@mycsu.edu,Alexander,Williams,DATA201,C,73
student0413@mycsu.edu,Abigail,Martin,DATA206,B,89
student0414@mycsu.edu,Evelyn,Lee,DATA200,C,79
student0415@mycsu.edu,Evelyn,Miller,DATA205,C,78
student0416@mycsu.edu,Charlotte,Martin,DATA202,B,88
student0417@mycsu.edu,Isabella,Brown,DATA205,F,53
student0418@mycsu.edu,Oliver,Martin,DATA202,A,95
student0419@mycsu.edu,Lucas,Moore,DATA207,F,52
student0420@mycsu.edu,Amelia,Thompson,DATA202,B,83
student0421@mycsu.edu,Emma,Lopez,DATA206,C,73
student0422@mycsu.edu,Mia,Thompson,DATA200,C,76
student0423@mycsu.edu,Mia,Williams,DATA205,A,100
student0424@mycsu.edu,Harper,Thomas,DATA204,F,56
student0425@mycsu.edu,Abigail,Jones,DATA205,D,66
student0426@mycsu.edu,Evelyn,Jones,DATA205,F,55
student0427@mycsu.edu,Ava,Jones,DATA209,D,69
student0428@mycsu.edu,Oliver,Lopez,DATA208,A,95
student0429@mycsu.edu,Mia,Jones,DATA208,C,74
student0430@mycsu.edu,Sophia,Martin,DATA205,F,55
student0431@mycsu.edu,Emma,Lopez,DATA202,F,51
student0432@mycsu.edu,Mia,Jackson,DATA203,D,63
student0433@mycsu.edu,William,Jones,DATA201,D,64
student0434@mycsu.edu,Elijah,Martin,DATA208,D,68
student0435@mycsu.edu,Amelia,Johnson,DATA205,A,97
student0436@mycsu.edu,Abigail,Jones,DATA209,A,99
student0437@mycsu.edu,William,Garcia,DATA202,C,74
student0438@mycsu.edu,Abigail,Garcia,DATA207,A,94
student0439@mycsu.edu,Sophia,Anderson,DATA203,F,52
student0440@mycsu.edu,Abigail,Lopez,DATA207,C,78
student0441@mycsu.edu,Harper,Davis,DATA204,D,64
student0442@mycsu.edu,Charlotte,Miller,DATA205,A,100
student0443@mycsu.edu,Evelyn,Moore,DATA207,A,93
student0444@mycsu.edu,Alexander,Thomas,DATA208,A,99
student0445@mycsu.edu,Sophia,Garcia,DATA203,B,83
student0446@mycsu.edu,William,Martinez,DATA200,B,88
student0447@mycsu.edu,Charlotte,Anderson,DATA208,A,91
student0448@mycsu.edu,Amelia,Brown,DATA204,F,56
student0449@mycsu.edu,James,Martinez,DATA207,F,55
student0450@mycsu.edu,William,Taylor,DATA201,B,82
student0451@mycsu.edu,Isabella,Anderson,DATA200,D,64
student0452@mycsu.edu,Noah,Thomas,DATA208,C,76
student0453@mycsu.edu,Lucas,Thomas,DATA201,C,73
student0454@mycsu.edu,Lucas,Smith,DATA205,C,73
student0455@mycsu.edu,Mia,Jones,DATA202,F,56
student0456@mycsu.edu,Alexander,Jackson,DATA202,F,52
student0457@mycsu.edu,Charlotte,Moore,DATA209,A,98
student0458@mycsu.edu,Oliver,Smith,DATA204,F,50
student0459@mycsu.edu,William,Lee,DATA209,D,63
student0460@mycsu.edu,Sophia,Brown,DATA204,B,83
student0461@mycsu.edu,Alexander,Brown,DATA200,D,65
student0462@mycsu.edu,Sophia,Thompson,DATA207,D,65
student0463@mycsu.edu,Elijah,Jackson,DATA209,F,54
student0464@mycsu.edu,Liam,Martin,DATA209,B,84
student0465@mycsu.edu,William,Lopez,DATA206,D,65
student0466@mycsu.edu,Abigail,Anderson,DATA203,F,50
student0467@mycsu.edu,Sophia,Garcia,DATA201,B,86
student0468@mycsu.edu,Emma,Williams,DATA208,B,83
student0469@mycsu.edu,Amelia,Martin,DATA208,B,84
student0470@mycsu.edu,Ava,Jackson,DATA200,F,51
student0471@mycsu.edu,Ava,Anderson,DATA204,A,90
student0472@mycsu.edu,Liam,Anderson,DATA201,A,97
student0473@mycsu.edu,Lucas,Brown,DATA209,C,72
student0474@mycsu.edu,Mia,Jones,DATA200,A,97
student0475@mycsu.edu,Harper,Wilson,DATA202,C,72
student0476@mycsu.edu,Isabella,Jackson,DATA202,A,99
student0477@mycsu.edu,Oliver,Moore,DATA200,F,58
student0478@mycsu.edu,Benjamin,Johnson,DATA203,D,68
student0479@mycsu.edu,Mia,Lopez,DATA208,F,52
student0480@mycsu.edu,Harper,Jackson,DATA204,C,75
student0481@mycsu.edu,Benjamin,Lopez,DATA205,F,52
student0482@mycsu.edu,Noah,Wilson,DATA204,A,99
student0483@mycsu.edu,Emma,Taylor,DATA206,F,57
student0484@mycsu.edu,Isabella,Thomas,DATA205,A,97
student0485@mycsu.edu,Charlotte,Jackson,DATA205,D,61
student0486@mycsu.edu,Henry,Williams,DATA206,B,83
student0487@mycsu.edu,Sophia,Thompson,DATA202,F,55
student0488@mycsu.edu,Alexander,Wilson,DATA201,B,84
student0489@mycsu.edu,Mia,Lopez,DATA204,F,55
student0490@mycsu.edu,Abigail,Taylor,DATA202,C,78
student0491@mycsu.edu,Isabella,Anderson,DATA207,A,94
student0492@mycsu.edu,Emma,Thompson,DATA206,F,52
student0493@mycsu.edu,Noah,Williams,DATA206,D,67
student0494@mycsu.edu,Amelia,Garcia,DATA200,C,73
student0495@mycsu.edu,Abigail,Moore,DATA200,F,59
student0496@mycsu.edu,Oliver,Davis,DATA205,F,58
student0497@mycsu.edu,Ava,Perez,DATA200,C,73
student0498@mycsu.edu,William,Moore,DATA205,B,88
student0499@mycsu.edu,Isabella,Williams,DATA209,C,73
student0500@mycsu.edu,Amelia,Anderson,DATA206,F,58
student0501@mycsu.edu,Henry,Davis,DATA201,C,70
student0502@mycsu.edu,James,Jackson,DATA208,F,51
student0503@mycsu.edu,Harper,Brown,DATA204,C,74
student0504@mycsu.edu,Henry,Moore,DATA203,A,99
student0505@mycsu.edu,Alexander,Jackson,DATA203,B,89
student0506@mycsu.edu,William,Williams,DATA207,F,57
student0507@mycsu.edu,Isabella,Williams,DATA205,D,61
student0508@mycsu.edu,Emma,Williams,DATA208,A,92
student0509@mycsu.edu,Alexander,Lopez,DATA202,B,84
student0510@mycsu.edu,James,Anderson,DATA208,A,95
student0511@mycsu.edu,Elijah,Miller,DATA202,D,64
student0512@mycsu.edu,Charlotte,Smith,DATA205,D,65
student0513@mycsu.edu,Evelyn,Anderson,DATA207,B,85
student0514@mycsu.edu,William,Thompson,DATA201,B,85
student0515@mycsu.edu,Alexander,Thomas,DATA207,F,54
student0516@mycsu.edu,Sophia,Taylor,DATA209,B,83
student0517@mycsu.edu,William,Wilson,DATA201,F,54
student0518@mycsu.edu,Isabella,Martin,DATA205,C,78
student0519@mycsu.edu,Harper,Perez,DATA202,F,58
student0520@mycsu.edu,William,Taylor,DATA208,A,99
student0521@mycsu.edu,Elijah,Martin,DATA202,F,53
student0522@mycsu.edu,James,Garcia,DATA205,D,69
student0523@mycsu.edu,Lucas,Anderson,DATA208,A,95
student0524@mycsu.edu,Oliver,Martinez,DATA203,D,68
student0525@mycsu.edu,Harper,Martinez,DATA202,A,90
student0526@mycsu.edu,Alexander,Thompson,DATA208,A,90
student0527@mycsu.edu,Amelia,Garcia,DATA209,F,55
student0528@mycsu.edu,William,Garcia,DATA209,B,87
student0529@mycsu.edu,Abigail,Wilson,DATA209,A,96
student0530@mycsu.edu,Liam,Williams,DATA200,F,52
student0531@mycsu.edu,Evelyn,Martinez,DATA203,A,91
student0532@mycsu.edu,Evelyn,Taylor,DATA209,A,99
student0533@mycsu.edu,Liam,Jackson,DATA208,A,90
student0534@mycsu.edu,Alexander,Jackson,DATA203,D,68
student0535@mycsu.edu,Ava,Lopez,DATA207,A,93
student0536@mycsu.edu,Noah,Garcia,DATA207,F,54
student0537@mycsu.edu,Charlotte,Moore,DATA203,C,76
student0538@mycsu.edu,Abigail,Jones,DATA205,C,71
student0539@mycsu.edu,Mia,Anderson,DATA206,A,95
student0540@mycsu.edu,Emma,Martin,DATA208,F,58
student0541@mycsu.edu,Mia,Davis,DATA207,F,56
student0542@mycsu.edu,Henry,Moore,DATA203,F,57
student0543@mycsu.edu,Elijah,Johnson,DATA204,F,59
student0544@mycsu.edu,Abigail,Taylor,DATA203,C,74
student0545@mycsu.edu,Mia,Perez,DATA205,D,60
student0546@mycsu.edu,James,Jackson,DATA208,D,62
student0547@mycsu.edu,Charlotte,Lopez,DATA207,C,79
student0548@mycsu.edu,Oliver,Thomas,DATA208,F,51
student0549@mycsu.edu,Lucas,Miller,DATA209,C,79
student0550@mycsu.edu,Noah,Johnson,DATA204,C,72
student0551@mycsu.edu,Abigail,Jackson,DATA204,B,81
student0552@mycsu.edu,Liam,Brown,DATA206,B,84
student0553@mycsu.edu,Henry,Anderson,DATA206,F,58
student0554@mycsu.edu,Noah,Thomas,DATA200,C,73
student0555@mycsu.edu,Harper,Miller,DATA205,B,86
student0556@mycsu.edu,Alexander,Williams,DATA206,B,85
student0557@mycsu.edu,Isabella,Lee,DATA204,B,82
student0558@mycsu.edu,Abigail,Brown,DATA202,B,89
student0559@mycsu.edu,Ava,Anderson,DATA205,F,56
student0560@mycsu.edu,Emma,Jones,DATA203,B,85
student0561@mycsu.edu,Amelia,Thomas,DATA208,B,88
student0562@mycsu.edu,Noah,Johnson,DATA202,F,52
student0563@mycsu.edu,Mia,Jackson,DATA208,A,95
student0564@mycsu.edu,William,Thompson,DATA208,C,79
student0565@mycsu.edu,Mia,Thompson,DATA205,F,58
student0566@mycsu.edu,Ava,Thompson,DATA204,D,60
student0567@mycsu.edu,Mia,Martin,DATA208,B,87
student0568@mycsu.edu,Charlotte,Perez,DATA204,B,84
student0569@mycsu.edu,Liam,Anderson,DATA205,B,80
student0570@mycsu.edu,Elijah,Taylor,DATA209,A,93
student0571@mycsu.edu,Liam,Thompson,DATA207,D,69
student0572@mycsu.edu,Evelyn,Perez,DATA203,D,66
student0573@mycsu.edu,Noah,Perez,DATA207,A,96
student0574@mycsu.edu,Amelia,Thompson,DATA206,D,60
student0575@mycsu.edu,Lucas,Johnson,DATA209,F,59
student0576@mycsu.edu,Elijah,Miller,DATA200,A,94
student0577@mycsu.edu,Mia,Taylor,DATA202,C,78
student0578@mycsu.edu,Benjamin,Taylor,DATA208,C,76
student0579@mycsu.edu,Abigail,Jackson,DATA200,A,99
student0580@mycsu.edu,William,Martin,DATA203,A,95
student0581@mycsu.edu,Mia,Jackson,DATA208,B,85
student0582@mycsu.edu,Mia,Garcia,DATA207,C,74
student0583@mycsu.edu,Mia,Lee,DATA205,B,84
student0584@mycsu.edu,Henry,Thompson,DATA207,A,93
student0585@mycsu.edu,Lucas,Martinez,DATA208,D,62
student0586@mycsu.edu,Lucas,Lopez,DATA204,D,69
student0587@mycsu.edu,Benjamin,Jackson,DATA205,A,95
student0588@mycsu.edu,Emma,Lee,DATA204,B,80
student0589@mycsu.edu,Elijah,Perez,DATA208,D,68
student0590@mycsu.edu,Ava,Anderson,DATA202,C,74
student0591@mycsu.edu,Noah,Lopez,DATA201,D,68
student0592@mycsu.edu,Isabella,Martinez,DATA207,C,72
student0593@mycsu.edu,Benjamin,Lee,DATA204,D,63
student0594@mycsu.edu,Henry,Jones,DATA201,B,85
student0595@mycsu.edu,Evelyn,Davis,DATA203,B,89
student0596@mycsu.edu,Amelia,Davis,DATA203,F,53
student0597@mycsu.edu,Elijah,Taylor,DATA205,F,53
student0598@mycsu.edu,Charlotte,Brown,DATA202,A,95
student0599@mycsu.edu,Harper,Garcia,DATA206,F,50
student0600@mycsu.edu,Charlotte,Jackson,DATA203,A,91
student0601@mycsu.edu,Alexander,Wilson,DATA204,A,98
student0602@mycsu.edu,Noah,Williams,DATA209,A,91
student0603@mycsu.edu,Harper,Johnson,DATA202,D,64
student0604@mycsu.edu,James,Johnson,DATA206,C,76
student0605@mycsu.edu,Charlotte,Garcia,DATA204,A,100
student0606@mycsu.edu,Liam,Lopez,DATA209,F,52
student0607@mycsu.edu,Elijah,Wilson,DATA204,B,88
student0608@mycsu.edu,Harper,Martin,DATA207,C,79
student0609@mycsu.edu,Amelia,Moore,DATA204,F,58
student0610@mycsu.edu,Elijah,Wilson,DATA202,D,62
student0611@mycsu.edu,Isabella,Martinez,DATA202,A,96
student0612@mycsu.edu,Mia,Lopez,DATA209,F,50
student0613@mycsu.edu,Benjamin,Garcia,DATA209,A,93
student0614@mycsu.edu,Ava,Taylor,DATA208,A,90
student0615@mycsu.edu,Oliver,Thomas,DATA201,C,70
student0616@mycsu.edu,William,Jackson,DATA205,D,61
student0617@mycsu.edu,Liam,Martinez,DATA206,D,65
student0618@mycsu.edu,Isabella,Martinez,DATA205,D,65
student0619@mycsu.edu,Evelyn,Perez,DATA200,D,69
student0620@mycsu.edu,Emma,Davis,DATA200,D,66
student0621@mycsu.edu,Elijah,Moore,DATA204,A,92
student0622@mycsu.edu,Ava,Martin,DATA204,D,60
student0623@mycsu.edu,Elijah,Lopez,DATA205,A,94
student0624@mycsu.edu,Lucas,Davis,DATA202,B,89
student0625@mycsu.edu,William,Moore,DATA209,B,80
student0626@mycsu.edu,Sophia,Lee,DATA207,C,73
student0627@mycsu.edu,Harper,Miller,DATA203,A,98
student0628@mycsu.edu,Abigail,Williams,DATA208,A,93
student0629@mycsu.edu,Amelia,Anderson,DATA201,C,78
student0630@mycsu.edu,Elijah,Johnson,DATA208,B,86
student0631@mycsu.edu,Benjamin,Perez,DATA208,B,82
student0632@mycsu.edu,James,Wilson,DATA208,F,59
student0633@mycsu.edu,Elijah,Miller,DATA209,C,78
student0634@mycsu.edu,Oliver,Martin,DATA207,B,81
student0635@mycsu.edu,Isabella,Jones,DATA208,F,53
student0636@mycsu.edu,Isabella,Perez,DATA200,C,76
student0637@mycsu.edu,Isabella,Lopez,DATA200,B,85
student0638@mycsu.edu,Henry,Smith,DATA203,C,75
student0639@mycsu.edu,Oliver,Johnson,DATA206,B,87
student0640@mycsu.edu,Oliver,Lee,DATA200,C,72
student0641@mycsu.edu,Charlotte,Johnson,DATA204,F,54
student0642@mycsu.edu,James,Jones,DATA206,C,76
student0643@mycsu.edu,Ava,Moore,DATA206,C,73
student0644@mycsu.edu,Oliver,Lee,DATA202,C,74
student0645@mycsu.edu,Emma,Brown,DATA202,A,91
student0646@mycsu.edu,Ava,Martin,DATA202,B,84
student0647@mycsu.edu,Lucas,Smith,DATA200,A,96
student0648@mycsu.edu,Isabella,Lee,DATA206,D,69
student0649@mycsu.edu,Ava,Davis,DATA203,B,84
student0650@mycsu.edu,Emma,Jones,DATA204,C,79
student0651@mycsu.edu,Elijah,Johnson,DATA206,D,62
student0652@mycsu.edu,Liam,Davis,DATA203,B,89
student0653@mycsu.edu,Elijah,Thompson,DATA200,F,54
student0654@mycsu.edu,Abigail,Johnson,DATA203,C,78
student0655@mycsu.edu,Noah,Thomas,DATA207,A,97
student0656@mycsu.edu,Harper,Miller,DATA200,D,64
student0657@mycsu.edu,Amelia,Lopez,DATA203,F,58
student0658@mycsu.edu,Evelyn,Wilson,DATA209,A,96
student0659@mycsu.edu,Mia,Davis,DATA204,B,88
student0660@mycsu.edu,Amelia,Davis,DATA206,F,59
student0661@mycsu.edu,Henry,Johnson,DATA208,D,69
student0662@mycsu.edu,James,Taylor,DATA208,B,87
student0663@mycsu.edu,Noah,Anderson,DATA206,B,81
student0664@mycsu.edu,Amelia,Wilson,DATA206,A,100
student0665@mycsu.edu,William,Lopez,DATA206,C,76
student0666@mycsu.edu,Harper,Jackson,DATA203,D,61
student0667@mycsu.edu,Alexander,Jones,DATA207,D,64
student0668@mycsu.edu,Harper,Taylor,DATA206,F,53
student0669@mycsu.edu,Amelia,Jones,DATA206,B,85
student0670@mycsu.edu,Henry,Miller,DATA205,D,65
student0671@mycsu.edu,Oliver,Moore,DATA205,A,91
student0672@mycsu.edu,Harper,Miller,DATA200,F,55
student0673@mycsu.edu,Ava,Thompson,DATA209,D,67
student0674@mycsu.edu,Oliver,Miller,DATA209,F,52
student0675@mycsu.edu,Harper,Miller,DATA207,A,96
student0676@mycsu.edu,Mia,Lopez,DATA200,D,63
student0677@mycsu.edu,Benjamin,Brown,DATA207,D,63
student0678@mycsu.edu,Abigail,Miller,DATA206,D,65
student0679@mycsu.edu,Harper,Wilson,DATA204,D,65
student0680@mycsu.edu,Isabella,Lee,DATA205,C,74
student0681@mycsu.edu,Henry,Anderson,DATA208,D,69
student0682@mycsu.edu,Isabella,Brown,DATA207,B,81
student0683@mycsu.edu,Mia,Miller,DATA205,A,98
student0684@mycsu.edu,Sophia,Johnson,DATA209,C,70
student0685@mycsu.edu,William,Smith,DATA204,D,64
student0686@mycsu.edu,Evelyn,Perez,DATA206,B,85
student0687@mycsu.edu,William,Miller,DATA205,D,68
student0688@mycsu.edu,Ava,Perez,DATA203,D,64
student0689@mycsu.edu,Harper,Wilson,DATA204,B,81
student0690@mycsu.edu,Charlotte,Jackson,DATA207,A,98
student0691@mycsu.edu,Emma,Garcia,DATA202,D,60
student0692@mycsu.edu,Harper,Jackson,DATA202,A,96
student0693@mycsu.edu,Noah,Martin,DATA200,B,84
student0694@mycsu.edu,Noah,Smith,DATA206,F,54
student0695@mycsu.edu,Lucas,Williams,DATA202,F,58
student0696@mycsu.edu,Benjamin,Martin,DATA207,F,50
student0697@mycsu.edu,Noah,Thompson,DATA209,C,73
student0698@mycsu.edu,Charlotte,Smith,DATA200,B,80
student0699@mycsu.edu,Harper,Taylor,DATA200,B,84
student0700@mycsu.edu,Amelia,Martinez,DATA208,F,51
student0701@mycsu.edu,Liam,Martin,DATA206,D,68
student0702@mycsu.edu,Elijah,Brown,DATA208,D,61
student0703@mycsu.edu,Lucas,Miller,DATA209,F,59
student0704@mycsu.edu,Henry,Anderson,DATA204,B,83
student0705@mycsu.edu,Ava,Williams,DATA205,A,100
student0706@mycsu.edu,Isabella,Perez,DATA203,C,75
student0707@mycsu.edu,Lucas,Lopez,DATA201,A,94
student0708@mycsu.edu,Noah,Williams,DATA206,A,91
student0709@mycsu.edu,Ava,Lee,DATA207,C,74
student0710@mycsu.edu,Liam,Garcia,DATA201,F,53
student0711@mycsu.edu,Sophia,Wilson,DATA209,B,81
student0712@mycsu.edu,Amelia,Johnson,DATA203,F,56
student0713@mycsu.edu,Evelyn,Jackson,DATA204,D,63
student0714@mycsu.edu,Oliver,Martinez,DATA208,F,52
student0715@mycsu.edu,Noah,Garcia,DATA205,B,86
student0716@mycsu.edu,Benjamin,Perez,DATA202,F,51
student0717@mycsu.edu,Ava,Williams,DATA204,A,98
student0718@mycsu.edu,Evelyn,Davis,DATA209,D,60
student0719@mycsu.edu,Harper,Wilson,DATA206,C,74
student0720@mycsu.edu,William,Williams,DATA208,A,98
student0721@mycsu.edu,Emma,Johnson,DATA201,A,97
student0722@mycsu.edu,Lucas,Williams,DATA205,C,77
student0723@mycsu.edu,Abigail,Thompson,DATA206,B,88
student0724@mycsu.edu,Mia,Smith,DATA204,A,99
student0725@mycsu.edu,Isabella,Jackson,DATA203,A,100
student0726@mycsu.edu,Harper,Thomas,DATA206,C,72
student0727@mycsu.edu,Evelyn,Thomas,DATA201,D,61
student0728@mycsu.edu,Abigail,Lopez,DATA203,A,99
student0729@mycsu.edu,Oliver,Williams,DATA204,A,95
student0730@mycsu.edu,Ava,Jones,DATA206,F,59
student0731@mycsu.edu,Emma,Brown,DATA201,C,70
student0732@mycsu.edu,Alexander,Moore,DATA205,F,50
student0733@mycsu.edu,Henry,Brown,DATA202,A,98
student0734@mycsu.edu,James,Taylor,DATA207,F,55
student0735@mycsu.edu,Harper,Martin,DATA206,B,85
student0736@mycsu.edu,Liam,Williams,DATA205,F,56
student0737@mycsu.edu,Oliver,Thompson,DATA209,B,85
student0738@mycsu.edu,Mia,Thomas,DATA200,A,100
student0739@mycsu.edu,Sophia,Thomas,DATA201,D,68
student0740@mycsu.edu,Harper,Davis,DATA209,A,96
student0741@mycsu.edu,James,Thomas,DATA202,B,83
student0742@mycsu.edu,Henry,Lopez,DATA204,F,58
student0743@mycsu.edu,William,Williams,DATA202,B,81
student0744@mycsu.edu,Henry,Taylor,DATA204,C,77
student0745@mycsu.edu,Oliver,Anderson,DATA204,B,80
student0746@mycsu.edu,Charlotte,Thompson,DATA209,D,65
student0747@mycsu.edu,Isabella,Brown,DATA202,D,62
student0748@mycsu.edu,Liam,Thomas,DATA205,D,69
student0749@mycsu.edu,Ava,Wilson,DATA207,B,89
student0750@mycsu.edu,Sophia,Thompson,DATA202,C,71
student0751@mycsu.edu,Mia,Thompson,DATA203,D,69
student0752@mycsu.edu,Mia,Garcia,DATA206,B,80
student0753@mycsu.edu,Alexander,Jackson,DATA209,C,70
student0754@mycsu.edu,Lucas,Wilson,DATA206,A,100
student0755@mycsu.edu,Ava,Anderson,DATA201,D,67
student0756@mycsu.edu,Benjamin,Perez,DATA208,B,86
student0757@mycsu.edu,Harper,Smith,DATA207,D,61
student0758@mycsu.edu,Benjamin,Moore,DATA204,A,95
student0759@mycsu.edu,Oliver,Taylor,DATA207,A,94
student0760@mycsu.edu,Alexander,Davis,DATA204,F,58
student0761@mycsu.edu,William,Taylor,DATA206,A,92
student0762@mycsu.edu,Isabella,Thompson,DATA207,F,54
student0763@mycsu.edu,Ava,Lee,DATA208,B,87
student0764@mycsu.edu,Sophia,Lee,DATA200,A,94
student0765@mycsu.edu,Emma,Lee,DATA209,A,100
student0766@mycsu.edu,Oliver,Brown,DATA203,A,90
student0767@mycsu.edu,Emma,Garcia,DATA209,A,92
student0768@mycsu.edu,Evelyn,Thomas,DATA205,F,52
student0769@mycsu.edu,Sophia,Brown,DATA200,A,100
student0770@mycsu.edu,Henry,Davis,DATA208,F,56
student0771@mycsu.edu,Amelia,Lee,DATA209,A,97
student0772@mycsu.edu,Evelyn,Davis,DATA207,A,94
student0773@mycsu.edu,Ava,Moore,DATA209,C,73
student0774@mycsu.edu,Amelia,Jones,DATA205,A,94
student0775@mycsu.edu,Charlotte,Brown,DATA204,F,51
student0776@mycsu.edu,Oliver,Brown,DATA202,C,76
student0777@mycsu.edu,Alexander,Wilson,DATA207,C,72
student0778@mycsu.edu,Benjamin,Martin,DATA207,A,100
student0779@mycsu.edu,Charlotte,Brown,DATA207,C,72
student0780@mycsu.edu,Isabella,Wilson,DATA201,A,96
student0781@mycsu.edu,Noah,Brown,DATA200,D,69
student0782@mycsu.edu,Elijah,Garcia,DATA203,C,71
student0783@mycsu.edu,James,Lee,DATA202,B,83
student0784@mycsu.edu,Harper,Taylor,DATA207,C,71
student0785@mycsu.edu,Ava,Garcia,DATA202,D,64
student0786@mycsu.edu,Sophia,Thomas,DATA200,A,90
student0787@mycsu.edu,Abigail,Miller,DATA207,A,97
student0788@mycsu.edu,Sophia,Thomas,DATA200,B,87
student0789@mycsu.edu,Benjamin,Miller,DATA204,A,95
student0790@mycsu.edu,Oliver,Perez,DATA201,A,98
student0791@mycsu.edu,James,Anderson,DATA205,B,84
student0792@mycsu.edu,Isabella,Brown,DATA204,D,62
student0793@mycsu.edu,Charlotte,Martin,DATA205,A,92
student0794@mycsu.edu,Ava,Thompson,DATA206,B,88
student0795@mycsu.edu,Elijah,Anderson,DATA205,B,87
student0796@mycsu.edu,Abigail,Garcia,DATA204,C,79
student0797@mycsu.edu,Evelyn,Williams,DATA202,B,89
student0798@mycsu.edu,Elijah,Davis,DATA204,C,70
student0799@mycsu.edu,James,Anderson,DATA202,F,57
student0800@mycsu.edu,Ava,Taylor,DATA209,B,82
student0801@mycsu.edu,Evelyn,Thomas,DATA206,F,58
student0802@mycsu.edu,Charlotte,Lee,DATA202,D,61
student0803@mycsu.edu,James,Jackson,DATA204,B,85
student0804@mycsu.edu,James,Wilson,DATA207,F,58
student0805@mycsu.edu,Noah,Anderson,DATA200,B,89
student0806@mycsu.edu,William,Miller,DATA206,B,81
student0807@mycsu.edu,Amelia,Jackson,DATA206,B,85
student0808@mycsu.edu,Charlotte,Taylor,DATA207,A,93
student0809@mycsu.edu,James,Williams,DATA209,B,81
student0810@mycsu.edu,Lucas,Lopez,DATA200,F,51
student0811@mycsu.edu,Lucas,Lee,DATA204,D,67
student0812@mycsu.edu,Isabella,Perez,DATA207,D,60
student0813@mycsu.edu,Amelia,Brown,DATA209,B,85
student0814@mycsu.edu,Henry,Lee,DATA205,F,57
student0815@mycsu.edu,Noah,Moore,DATA208,B,84
student0816@mycsu.edu,Sophia,Brown,DATA203,D,63
student0817@mycsu.edu,Noah,Moore,DATA204,D,69
student0818@mycsu.edu,Oliver,Moore,DATA201,C,72
student0819@mycsu.edu,Lucas,Miller,DATA209,A,99
student0820@mycsu.edu,Emma,Thompson,DATA206,A,94
student0821@mycsu.edu,Abigail,Jones,DATA203,D,60
student0822@mycsu.edu,Noah,Perez,DATA205,D,63
student0823@mycsu.edu,Henry,Thompson,DATA208,B,84
student0824@mycsu.edu,Mia,Lopez,DATA204,D,60
student0825@mycsu.edu,Henry,Martin,DATA201,B,86
student0826@mycsu.edu,Sophia,Johnson,DATA204,F,58
student0827@mycsu.edu,William,Jones,DATA203,A,91
student0828@mycsu.edu,Mia,Davis,DATA206,F,59
student0829@mycsu.edu,William,Perez,DATA204,B,81
student0830@mycsu.edu,Sophia,Thomas,DATA207,A,90
student0831@mycsu.edu,Oliver,Thomas,DATA208,F,54
student0832@mycsu.edu,Henry,Anderson,DATA207,A,97
student0833@mycsu.edu,Mia,Perez,DATA200,B,81
student0834@mycsu.edu,Oliver,Moore,DATA205,A,99
student0835@mycsu.edu,Harper,Thomas,DATA203,F,54
student0836@mycsu.edu,Benjamin,Jackson,DATA204,C,77
student0837@mycsu.edu,Alexander,Wilson,DATA208,C,70
student0838@mycsu.edu,William,Perez,DATA207,B,86
student0839@mycsu.edu,Mia,Johnson,DATA200,A,100
student0840@mycsu.edu,Isabella,Smith,DATA201,F,56
student0841@mycsu.edu,Isabella,Moore,DATA200,D,60
student0842@mycsu.edu,Benjamin,Jones,DATA204,C,77
student0843@mycsu.edu,Henry,Williams,DATA205,D,60
student0844@mycsu.edu,Oliver,Anderson,DATA202,D,66
student0845@mycsu.edu,Ava,Lopez,DATA203,F,53
student0846@mycsu.edu,Oliver,Brown,DATA200,C,77
student0847@mycsu.edu,Charlotte,Williams,DATA202,D,63
student0848@mycsu.edu,Lucas,Martin,DATA207,B,87
student0849@mycsu.edu,Liam,Wilson,DATA201,F,50
student0850@mycsu.edu,William,Jackson,DATA201,C,77
student0851@mycsu.edu,Ava,Williams,DATA201,D,64
student0852@mycsu.edu,Mia,Anderson,DATA204,F,56
student0853@mycsu.edu,Ava,Jones,DATA202,F,58
student0854@mycsu.edu,Amelia,Perez,DATA200,F,54
student0855@mycsu.edu,James,Moore,DATA205,B,89
student0856@mycsu.edu,Benjamin,Jones,DATA206,A,96
student0857@mycsu.edu,Isabella,Miller,DATA201,B,89
student0858@mycsu.edu,William,Brown,DATA209,F,56
student0859@mycsu.edu,Ava,Anderson,DATA206,A,96
student0860@mycsu.edu,William,Davis,DATA204,C,70
student0861@mycsu.edu,Oliver,Davis,DATA208,A,91
student0862@mycsu.edu,Abigail,Thompson,DATA204,B,88
student0863@mycsu.edu,Liam,Lopez,DATA203,A,99
student0864@mycsu.edu,Abigail,Martin,DATA203,B,83
student0865@mycsu.edu,Ava,Lopez,DATA200,A,97
student0866@mycsu.edu,Lucas,Jackson,DATA206,A,100
student0867@mycsu.edu,Lucas,Jackson,DATA209,F,57
student0868@mycsu.edu,Amelia,Smith,DATA205,F,54
student0869@mycsu.edu,William,Thomas,DATA209,C,70
student0870@mycsu.edu,Emma,Lee,DATA202,C,76
student0871@mycsu.edu,Charlotte,Williams,DATA200,A,98
student0872@mycsu.edu,Oliver,Smith,DATA204,B,87
student0873@mycsu.edu,Noah,Johnson,DATA206,D,63
student0874@mycsu.edu,Alexander,Martin,DATA206,B,82
student0875@mycsu.edu,Ava,Williams,DATA208,C,77
student0876@mycsu.edu,Abigail,Jones,DATA204,B,84
student0877@mycsu.edu,Alexander,Williams,DATA208,F,55
student0878@mycsu.edu,William,Lee,DATA205,D,63
student0879@mycsu.edu,Evelyn,Williams,DATA204,C,75
student0880@mycsu.edu,Sophia,Davis,DATA200,A,94
student0881@mycsu.edu,Oliver,Taylor,DATA201,D,65
student0882@mycsu.edu,Abigail,Thompson,DATA200,C,79
student0883@mycsu.edu,James,Brown,DATA200,D,69
student0884@mycsu.edu,William,Smith,DATA202,A,95
student0885@mycsu.edu,Emma,Martin,DATA208,B,81
student0886@mycsu.edu,Henry,Garcia,DATA205,A,100
student0887@mycsu.edu,Henry,Brown,DATA200,F,58
student0888@mycsu.edu,Sophia,Martinez,DATA208,C,71
student0889@mycsu.edu,Henry,Perez,DATA201,F,54
student0890@mycsu.edu,Isabella,Martin,DATA205,B,81
student0891@mycsu.edu,Charlotte,Perez,DATA202,F,53
student0892@mycsu.edu,James,Martinez,DATA201,C,73
student0893@mycsu.edu,Elijah,Davis,DATA208,B,86
student0894@mycsu.edu,Noah,Smith,DATA203,F,50
student0895@mycsu.edu,Charlotte,Anderson,DATA206,F,52
student0896@mycsu.edu,James,Johnson,DATA208,F,59
student0897@mycsu.edu,Sophia,Davis,DATA205,A,95
student0898@mycsu.edu,Sophia,Wilson,DATA204,D,65
student0899@mycsu.edu,Evelyn,Anderson,DATA201,F,54
student0900@mycsu.edu,Noah,Garcia,DATA203,B,82
student0901@mycsu.edu,Noah,Thomas,DATA201,B,83
student0902@mycsu.edu,Alexander,Lopez,DATA205,C,79
student0903@mycsu.edu,Harper,Moore,DATA200,F,55
student0904@mycsu.edu,Benjamin,Lopez,DATA209,C,73
student0905@mycsu.edu,Alexander,Thompson,DATA203,A,100
student0906@mycsu.edu,Emma,Perez,DATA207,C,79
student0907@mycsu.edu,Benjamin,Lee,DATA203,A,99
student0908@mycsu.edu,Liam,Taylor,DATA200,F,59
student0909@mycsu.edu,Harper,Anderson,DATA200,D,64
student0910@mycsu.edu,Liam,Thomas,DATA204,C,71
student0911@mycsu.edu,Benjamin,Martin,DATA203,F,56
student0912@mycsu.edu,Charlotte,Johnson,DATA202,C,76
student0913@mycsu.edu,Henry,Williams,DATA200,A,95
student0914@mycsu.edu,Amelia,Taylor,DATA205,D,64
student0915@mycsu.edu,Oliver,Perez,DATA201,C,79
student0916@mycsu.edu,William,Thomas,DATA201,B,82
student0917@mycsu.edu,Evelyn,Johnson,DATA206,B,87
student0918@mycsu.edu,William,Davis,DATA204,A,92
student0919@mycsu.edu,Mia,Thomas,DATA205,D,66
student0920@mycsu.edu,Isabella,Martinez,DATA203,C,70
student0921@mycsu.edu,Benjamin,Jones,DATA209,F,54
student0922@mycsu.edu,William,Brown,DATA202,F,56
student0923@mycsu.edu,Isabella,Wilson,DATA206,C,78
student0924@mycsu.edu,Harper,Anderson,DATA203,F,57
student0925@mycsu.edu,Alexander,Moore,DATA204,C,78
student0926@mycsu.edu,Oliver,Garcia,DATA204,F,57
student0927@mycsu.edu,Abigail,Johnson,DATA203,A,95
student0928@mycsu.edu,William,Williams,DATA203,C,70
student0929@mycsu.edu,Ava,Martin,DATA200,C,72
student0930@mycsu.edu,Alexander,Martinez,DATA202,A,93
student0931@mycsu.edu,Ava,Moore,DATA208,F,51
student0932@mycsu.edu,Harper,Davis,DATA201,A,97
student0933@mycsu.edu,Elijah,Jones,DATA201,C,79
student0934@mycsu.edu,Noah,Davis,DATA202,F,50
student0935@mycsu.edu,Ava,Anderson,DATA201,D,62
student0936@mycsu.edu,Evelyn,Martinez,DATA201,B,87
student0937@mycsu.edu,Oliver,Miller,DATA207,F,51
student0938@mycsu.edu,Oliver,Wilson,DATA201,F,58
student0939@mycsu.edu,Isabella,Johnson,DATA202,F,52
student0940@mycsu.edu,Sophia,Thomas,DATA207,B,86
student0941@mycsu.edu,Ava,Taylor,DATA202,F,51
student0942@mycsu.edu,Benjamin,Garcia,DATA204,C,72
student0943@mycsu.edu,Isabella,Jones,DATA200,D,67
student0944@mycsu.edu,Abigail,Thompson,DATA203,B,89
student0945@mycsu.edu,Alexander,Jackson,DATA206,A,91
student0946@mycsu.edu,Charlotte,Johnson,DATA201,B,85
student0947@mycsu.edu,Ava,Jones,DATA206,D,67
student0948@mycsu.edu,Amelia,Davis,DATA208,D,62
student0949@mycsu.edu,Liam,Thomas,DATA205,A,100
student0950@mycsu.edu,Harper,Jackson,DATA205,B,80
student0951@mycsu.edu,Amelia,Wilson,DATA206,B,86
student0952@mycsu.edu,James,Smith,DATA205,D,67
student0953@mycsu.edu,Lucas,Smith,DATA204,B,88
student0954@mycsu.edu,Charlotte,Martin,DATA205,F,53
student0955@mycsu.edu,Evelyn,Davis,DATA202,A,99
student0956@mycsu.edu,Lucas,Davis,DATA204,F,56
student0957@mycsu.edu,Noah,Davis,DATA209,B,84
student0958@mycsu.edu,Emma,Garcia,DATA202,C,74
student0959@mycsu.edu,Evelyn,Wilson,DATA205,D,65
student0960@mycsu.edu,Liam,Anderson,DATA209,B,87
student0961@mycsu.edu,William,Perez,DATA203,B,86
student0962@mycsu.edu,Harper,Lopez,DATA202,B,81
student0963@mycsu.edu,Noah,Williams,DATA200,B,81
student0964@mycsu.edu,Abigail,Davis,DATA200,D,64
student0965@mycsu.edu,Charlotte,Smith,DATA205,B,83
student0966@mycsu.edu,Benjamin,Jones,DATA205,B,89
student0967@mycsu.edu,James,Wilson,DATA200,A,95
student0968@mycsu.edu,William,Perez,DATA202,F,51
student0969@mycsu.edu,Elijah,Martin,DATA205,A,99
student0970@mycsu.edu,Emma,Thomas,DATA209,F,54
student0971@mycsu.edu,Mia,Lopez,DATA205,F,56
student0972@mycsu.edu,James,Taylor,DATA207,F,58
student0973@mycsu.edu,Mia,Garcia,DATA208,A,91
student0974@mycsu.edu,Abigail,Anderson,DATA203,A,94
student0975@mycsu.edu,Evelyn,Garcia,DATA206,A,92
student0976@mycsu.edu,Alexander,Jones,DATA202,D,69
student0977@mycsu.edu,Liam,Perez,DATA206,A,96
student0978@mycsu.edu,Evelyn,Johnson,DATA202,A,99
student0979@mycsu.edu,Mia,Thompson,DATA203,B,88
student0980@mycsu.edu,Evelyn,Brown,DATA207,A,90
student0981@mycsu.edu,Mia,Williams,DATA203,F,59
student0982@mycsu.edu,Mia,Garcia,DATA201,C,72
student0983@mycsu.edu,Mia,Moore,DATA200,A,95
student0984@mycsu.edu,Benjamin,Davis,DATA201,D,66
student0985@mycsu.edu,Henry,Brown,DATA200,C,72
student0986@mycsu.edu,Ava,Moore,DATA206,F,53
student0987@mycsu.edu,Sophia,Jackson,DATA206,D,60
student0988@mycsu.edu,Harper,Thomas,DATA201,C,72
student0989@mycsu.edu,Evelyn,Davis,DATA202,B,80
student0990@mycsu.edu,Oliver,Johnson,DATA204,C,78
student0991@mycsu.edu,Mia,Martinez,DATA201,F,51
student0992@mycsu.edu,Mia,Garcia,DATA206,F,54
student0993@mycsu.edu,Oliver,Lee,DATA201,D,60
student0994@mycsu.edu,Abigail,Thompson,DATA207,C,71
student0995@mycsu.edu,Liam,Taylor,DATA202,A,95
student0996@mycsu.edu,Sophia,Garcia,DATA200,B,88
student0997@mycsu.edu,Mia,Miller,DATA203,F,56
student0998@mycsu.edu,Harper,Lee,DATA204,C,76
student0999@mycsu.edu,Alexander,Lopez,DATA203,A,92
student1000@mycsu.edu,Noah,Thomas,DATA209,F,56
